{
    "test_tv_ade": 1.9396843910217285,
    "test_tv_fde": 5.623199462890625,
    "test_tv_anll": 2.278433322906494,
    "test_tv_fnll": 7.121974945068359,
    "test_tv_apde": 1.425857424736023,
    "tv_mr": 0.9754895567893982,
    "test_ade": 1.7046488523483276,
    "test_fde": 4.706995487213135,
    "test_anll": 1.6992120742797852,
    "test_fnll": 5.2622199058532715,
    "test_apde": 1.1911189556121826,
    "mr": 0.9766247868537903
}