{
    "test_tv_ade": 4.59464168548584,
    "test_tv_fde": 10.131508827209473,
    "test_tv_anll": 2.525841236114502,
    "test_tv_fnll": 5.195995330810547,
    "test_tv_apde": 0.6362069249153137,
    "tv_mr": 0.8301903605461121,
    "test_ade": 3.3536739349365234,
    "test_fde": 6.333593845367432,
    "test_anll": 2.4953508377075195,
    "test_fnll": 4.602641582489014,
    "test_apde": 0.8057219982147217,
    "mr": 0.9042088389396667
}