{
    "test_tv_ade": 1.5070412158966064,
    "test_tv_fde": 4.179937839508057,
    "test_tv_anll": 1.0037809610366821,
    "test_tv_fnll": 4.006101131439209,
    "test_tv_apde": 0.8160353302955627,
    "tv_mr": 0.5924686789512634,
    "test_ade": 1.7603598833084106,
    "test_fde": 4.624384880065918,
    "test_anll": 1.2295353412628174,
    "test_fnll": 4.145496368408203,
    "test_apde": 0.9208515286445618,
    "mr": 0.7523337602615356
}