{
    "test_tv_ade": 23.164443969726562,
    "test_tv_fde": 24.779216766357422,
    "test_tv_anll": 1189790.875,
    "test_tv_fnll": 7.782886981964111,
    "test_tv_apde": 20.91692543029785,
    "tv_mr": 1.0087387561798096,
    "test_ade": 24.82598876953125,
    "test_fde": 24.8720703125,
    "test_anll": 1316342.375,
    "test_fnll": 7.787802219390869,
    "test_apde": 17.66793441772461,
    "mr": 1.0001529455184937
}