{
    "test_tv_ade": 139.48165893554688,
    "test_tv_fde": 212.95046997070312,
    "test_tv_anll": 5.649812698364258,
    "test_tv_fnll": 7.733977794647217,
    "test_tv_apde": 66.0583267211914,
    "tv_mr": 1.0079083442687988,
    "test_ade": 149.17735290527344,
    "test_fde": 195.1042022705078,
    "test_anll": 5.831324100494385,
    "test_fnll": 6.978989601135254,
    "test_apde": 58.47233963012695,
    "mr": 0.998857319355011
}