{
    "test_tv_ade": 12.963173866271973,
    "test_tv_fde": 16.765979766845703,
    "test_tv_anll": 4.964584827423096,
    "test_tv_fnll": 5.97965145111084,
    "test_tv_apde": 7.25091552734375,
    "tv_mr": 0.9870992302894592,
    "test_ade": 16.371906280517578,
    "test_fde": 16.830894470214844,
    "test_anll": 5.444555759429932,
    "test_fnll": 6.055561542510986,
    "test_apde": 10.950345993041992,
    "mr": 1.0002262592315674
}