{
    "test_tv_ade": 3.4080426692962646,
    "test_tv_fde": 8.1976318359375,
    "test_tv_anll": 2.2008297443389893,
    "test_tv_fnll": 5.16241455078125,
    "test_tv_apde": 0.8927837610244751,
    "tv_mr": 0.8367840647697449,
    "test_ade": 2.3930089473724365,
    "test_fde": 4.910714149475098,
    "test_anll": 2.074950933456421,
    "test_fnll": 4.370978832244873,
    "test_apde": 0.8845089673995972,
    "mr": 0.8228151202201843
}