{
    "test_tv_ade": 1.257818341255188,
    "test_tv_fde": 2.335230588912964,
    "test_tv_anll": 2.5309717655181885,
    "test_tv_fnll": 3.5663669109344482,
    "test_tv_apde": 1.0916255712509155,
    "tv_mr": 0.4601798355579376,
    "test_ade": 2.75787091255188,
    "test_fde": 5.862321853637695,
    "test_anll": 3.6763086318969727,
    "test_fnll": 5.243432998657227,
    "test_apde": 1.3482738733291626,
    "mr": 0.9482113122940063
}