{
    "test_tv_ade": 1.7751853466033936,
    "test_tv_fde": 4.642155647277832,
    "test_tv_anll": 1.968465805053711,
    "test_tv_fnll": 4.519531726837158,
    "test_tv_apde": 0.9161920547485352,
    "tv_mr": 0.687705397605896,
    "test_ade": 2.1414196491241455,
    "test_fde": 5.27390193939209,
    "test_anll": 2.2663750648498535,
    "test_fnll": 4.683055400848389,
    "test_apde": 1.0852704048156738,
    "mr": 0.8127992749214172
}